username,employee_id,,
寮涓,EMP001,,
,EMP002,,
天杀的领导1,EMP003,,
天杀的领导2,EMP004,,
天杀的领导3,EMP005,,
寅旭,EMP006,,
正凯,EMP007,,
曜宏,EMP008,,
楚娜,EMP009,,
晓灵,EMP010,,
宽超,EMP011,,
凯建,EMP012,,
泽兴,EMP013,,
曜陌,EMP014,,
自楚,EMP015,,
博裕,EMP016,,
依叶,EMP017,,
博建,EMP018,,
旭宇,EMP019,,
航嘉,EMP020,,
晓兰,EMP021,,
迪乐,EMP022,,
筱芊,EMP023,,
景辉,EMP024,,
信,EMP025,,
彦阳,EMP026,,
影卿,EMP027,,
涵馨,EMP028,,
佳婉,EMP029,,
浩元,EMP030,,
秋澜,EMP031,,
宇迪,EMP032,,
浩鸣,EMP033,,
梓兮,EMP034,,
博宗,EMP035,,
新琳,EMP036,,
谦毅,EMP037,,
F寅,EMP038,,
芷珍,EMP039,,
俊远,EMP040,,
彦庆,EMP041,,
源斌,EMP042,,
海峰,EMP043,,
浩海,EMP044,,
景信,EMP045,,
伦立,EMP046,,
辉伦,EMP047,,
海梁,EMP048,,
梁颜,EMP049,,
曜宝,EMP050,,
桦泽,EMP051,,
冰语,EMP052,,
弘庆,EMP053,,
世炎,EMP054,,
烁庚,EMP055,,
楚熙,EMP056,,
黛忆,EMP057,,
姿冬,EMP058,,
聪磊,EMP059,,
紫俪,EMP060,,
彦廷,EMP061,,
婕兮,EMP062,,
艺,EMP063,,
泽梁,EMP064,,
博迪,EMP065,,
忱,EMP066,,
渝迪,EMP067,,
滢紫,EMP068,,
桦振,EMP069,,
俊梁,EMP070,,
挚云,EMP071,,
万然,EMP072,,
萌恬,EMP073,,
世璋,EMP074,,
妤娇,EMP075,,
梓甜,EMP076,,
俊雷,EMP077,,
F斌,EMP078,,
曜琛,EMP079,,
曜啸,EMP080,,
灵淼,EMP081,,
奕易,EMP082,,
冬凯,EMP083,,
筱歆,EMP084,,
渝伦,EMP085,,
彦望,EMP086,,
姗敏,EMP087,,
姿秋,EMP088,,
